layer,key,value
BBR,CFG_UART2OUTPROT_RTCM3X,0
BBR,CFG_TMODE_MODE,1
BBR,CFG_MSGOUT_RTCM_3X_TYPE1005_USB,1
BBR,CFG_MSGOUT_RTCM_3X_TYPE1077_USB,1
BBR,CFG_MSGOUT_RTCM_3X_TYPE1087_USB,1
BBR,CFG_MSGOUT_RTCM_3X_TYPE1127_USB,1
BBR,CFG_MSGOUT_RTCM_3X_TYPE1230_USB,5
BBR,CFG_MSGOUT_RTCM_3X_TYPE1097_USB,1
BBR,CFG_RATE_MEAS,100
BBR,CFG_TMODE_SVIN_MIN_DUR,60
BBR,CFG_TMODE_SVIN_ACC_LIMIT,5000
BBR,CFG_UART2_BAUDRATE,115200
FLASH,CFG_TP_TP1_ENA,1
FLASH,CFG_TP_SYNC_GNSS_TP1,1
FLASH,CFG_TP_USE_LOCKED_TP1,1
FLASH,CFG_TP_ALIGN_TO_TOW_TP1,1
FLASH,CFG_TP_POL_TP1,1
FLASH,CFG_NAVSPG_INIFIX3D,0
FLASH,CFG_NAVSPG_ACKAIDING,0
FLASH,CFG_NAVSPG_USE_USRDAT,0
FLASH,CFG_NAVSPG_PL_ENA,1
FLASH,CFG_NAV2_OUT_ENABLED,0
FLASH,CFG_NAV2_SBAS_USE_INTEGRITY,0
FLASH,CFG_ODO_USE_ODO,0
FLASH,CFG_ODO_USE_COG,0
FLASH,CFG_ODO_OUTLPVEL,0
FLASH,CFG_ODO_OUTLPCOG,0
FLASH,CFG_GEOFENCE_USE_PIO,0
FLASH,CFG_GEOFENCE_USE_FENCE1,0
FLASH,CFG_GEOFENCE_USE_FENCE2,0
FLASH,CFG_GEOFENCE_USE_FENCE3,0
FLASH,CFG_GEOFENCE_USE_FENCE4,0
FLASH,CFG_SIGNAL_GPS_L1CA_ENA,1
FLASH,CFG_SIGNAL_GPS_L2C_ENA,1
FLASH,CFG_SIGNAL_SBAS_L1CA_ENA,1
FLASH,CFG_SIGNAL_GAL_E1_ENA,0
FLASH,CFG_SIGNAL_GAL_E5B_ENA,0
FLASH,CFG_SIGNAL_BDS_B1_ENA,1
FLASH,CFG_SIGNAL_BDS_B2_ENA,1
FLASH,CFG_SIGNAL_QZSS_L1CA_ENA,1
FLASH,CFG_SIGNAL_QZSS_L1S_ENA,1
FLASH,CFG_SIGNAL_QZSS_L2C_ENA,1
FLASH,CFG_SIGNAL_GLO_L1_ENA,0
FLASH,CFG_SIGNAL_GLO_L2_ENA,0
FLASH,CFG_SIGNAL_GPS_ENA,1
FLASH,CFG_SIGNAL_SBAS_ENA,1
FLASH,CFG_SIGNAL_GAL_ENA,0
FLASH,CFG_SIGNAL_BDS_ENA,1
FLASH,CFG_SIGNAL_QZSS_ENA,1
FLASH,CFG_SIGNAL_GLO_ENA,0
FLASH,CFG_BDS_USE_GEO_PRN,0
FLASH,CFG_SBAS_USE_TESTMODE,0
FLASH,CFG_SBAS_USE_RANGING,1
FLASH,CFG_SBAS_USE_DIFFCORR,1
FLASH,CFG_SBAS_USE_INTEGRITY,0
FLASH,CFG_SBAS_USE_IONOONLY,0
FLASH,CFG_QZSS_USE_SLAS_DGNSS,1
FLASH,CFG_QZSS_USE_SLAS_TESTMODE,0
FLASH,CFG_QZSS_USE_SLAS_RAIM_UNCORR,0
FLASH,CFG_ITFM_ENABLE,0
FLASH,CFG_ITFM_ENABLE_AUX,0
FLASH,CFG_I2C_EXTENDEDTIMEOUT,0
FLASH,CFG_I2C_ENABLED,1
FLASH,CFG_UART1_ENABLED,1
FLASH,CFG_UART2_ENABLED,1
FLASH,CFG_SPI_CPOLARITY,0
FLASH,CFG_SPI_CPHASE,0
FLASH,CFG_SPI_EXTENDEDTIMEOUT,0
FLASH,CFG_SPI_ENABLED,0
FLASH,CFG_USB_ENABLED,1
FLASH,CFG_USB_SELFPOW,1
FLASH,CFG_I2CINPROT_UBX,1
FLASH,CFG_I2CINPROT_NMEA,1
FLASH,CFG_I2CINPROT_RTCM3X,1
FLASH,CFG_I2CINPROT_SPARTN,1
FLASH,CFG_I2COUTPROT_UBX,1
FLASH,CFG_I2COUTPROT_NMEA,1
FLASH,CFG_I2COUTPROT_RTCM3X,1
FLASH,CFG_UART1INPROT_UBX,1
FLASH,CFG_UART1INPROT_NMEA,1
FLASH,CFG_UART1INPROT_RTCM3X,1
FLASH,CFG_UART1INPROT_SPARTN,0
FLASH,CFG_UART1OUTPROT_UBX,1
FLASH,CFG_UART1OUTPROT_NMEA,1
FLASH,CFG_UART1OUTPROT_RTCM3X,0
FLASH,CFG_UART2INPROT_UBX,1
FLASH,CFG_UART2INPROT_NMEA,0
FLASH,CFG_UART2INPROT_RTCM3X,1
FLASH,CFG_UART2INPROT_SPARTN,1
FLASH,CFG_UART2OUTPROT_UBX,0
FLASH,CFG_UART2OUTPROT_NMEA,0
FLASH,CFG_UART2OUTPROT_RTCM3X,0
FLASH,CFG_USBINPROT_UBX,1
FLASH,CFG_USBINPROT_NMEA,1
FLASH,CFG_USBINPROT_RTCM3X,1
FLASH,CFG_USBINPROT_SPARTN,1
FLASH,CFG_USBOUTPROT_UBX,1
FLASH,CFG_USBOUTPROT_NMEA,1
FLASH,CFG_USBOUTPROT_RTCM3X,1
FLASH,CFG_SPIINPROT_UBX,1
FLASH,CFG_SPIINPROT_NMEA,1
FLASH,CFG_SPIINPROT_RTCM3X,1
FLASH,CFG_SPIINPROT_SPARTN,1
FLASH,CFG_SPIOUTPROT_UBX,1
FLASH,CFG_SPIOUTPROT_NMEA,1
FLASH,CFG_SPIOUTPROT_RTCM3X,1
FLASH,CFG_NMEA_COMPAT,0
FLASH,CFG_NMEA_CONSIDER,1
FLASH,CFG_NMEA_LIMIT82,0
FLASH,CFG_NMEA_HIGHPREC,0
FLASH,CFG_NMEA_FILT_GPS,0
FLASH,CFG_NMEA_FILT_SBAS,0
FLASH,CFG_NMEA_FILT_GAL,0
FLASH,CFG_NMEA_FILT_QZSS,0
FLASH,CFG_NMEA_FILT_GLO,0
FLASH,CFG_NMEA_FILT_BDS,0
FLASH,CFG_NMEA_OUT_INVFIX,0
FLASH,CFG_NMEA_OUT_MSKFIX,0
FLASH,CFG_NMEA_OUT_INVTIME,0
FLASH,CFG_NMEA_OUT_INVDATE,0
FLASH,CFG_NMEA_OUT_ONLYGPS,0
FLASH,CFG_NMEA_OUT_FROZENCOG,0
FLASH,CFG_TXREADY_ENABLED,0
FLASH,CFG_TXREADY_POLARITY,0
FLASH,CFG_HW_ANT_CFG_VOLTCTRL,0
FLASH,CFG_HW_ANT_CFG_SHORTDET,0
FLASH,CFG_HW_ANT_CFG_SHORTDET_POL,1
FLASH,CFG_HW_ANT_CFG_OPENDET,0
FLASH,CFG_HW_ANT_CFG_OPENDET_POL,1
FLASH,CFG_HW_ANT_CFG_PWRDOWN,0
FLASH,CFG_HW_ANT_CFG_PWRDOWN_POL,1
FLASH,CFG_HW_ANT_CFG_RECOVER,0
FLASH,CFG_RINV_DUMP,0
FLASH,CFG_RINV_BINARY,0
FLASH,CFG_LOGFILTER_RECORD_ENA,0
FLASH,CFG_LOGFILTER_ONCE_PER_WAKE_UP_ENA,0
FLASH,CFG_LOGFILTER_APPLY_ALL_FILTERS,0
FLASH,CFG_SEC_CFG_LOCK,0
FLASH,CFG_TMODE_MODE,1
FLASH,CFG_TMODE_POS_TYPE,0
FLASH,CFG_TMODE_ECEF_X_HP,0
FLASH,CFG_TMODE_ECEF_Y_HP,0
FLASH,CFG_TMODE_ECEF_Z_HP,0
FLASH,CFG_TMODE_LAT_HP,0
FLASH,CFG_TMODE_LON_HP,0
FLASH,CFG_TMODE_HEIGHT_HP,0
FLASH,CFG_TP_TIMEGRID_TP1,0
FLASH,CFG_TP_PULSE_DEF,0
FLASH,CFG_TP_PULSE_LENGTH_DEF,1
FLASH,CFG_TP_DRSTR_TP1,1
FLASH,CFG_RTCM_DF003_IN_FILTER,0
FLASH,CFG_NAVSPG_FIXMODE,3
FLASH,CFG_NAVSPG_UTCSTANDARD,0
FLASH,CFG_NAVSPG_DYNMODEL,0
FLASH,CFG_NAVSPG_INFIL_MINSVS,3
FLASH,CFG_NAVSPG_INFIL_MAXSVS,32
FLASH,CFG_NAVSPG_INFIL_MINCNO,6
FLASH,CFG_NAVSPG_INFIL_MINELEV,10
FLASH,CFG_NAVSPG_INFIL_NCNOTHRS,0
FLASH,CFG_NAVSPG_INFIL_CNOTHRS,0
FLASH,CFG_NAVSPG_CONSTR_DGNSSTO,60
FLASH,CFG_NAVHPG_DGNSSMODE,3
FLASH,CFG_RATE_TIMEREF,1
FLASH,CFG_ODO_PROFILE,0
FLASH,CFG_ODO_COGMAXSPEED,10
FLASH,CFG_ODO_COGMAXPOSACC,50
FLASH,CFG_ODO_VELLPGAIN,153
FLASH,CFG_ODO_COGLPGAIN,76
FLASH,CFG_GEOFENCE_CONFLVL,0
FLASH,CFG_GEOFENCE_PINPOL,0
FLASH,CFG_GEOFENCE_PIN,3
FLASH,CFG_MOT_GNSSSPEED_THRS,0
FLASH,CFG_ITFM_BBTHRESHOLD,3
FLASH,CFG_ITFM_CWTHRESHOLD,15
FLASH,CFG_ITFM_ANTSETTING,0
FLASH,CFG_I2C_ADDRESS,132
FLASH,CFG_UART1_STOPBITS,1
FLASH,CFG_UART1_DATABITS,0
FLASH,CFG_UART1_PARITY,0
FLASH,CFG_UART2_STOPBITS,1
FLASH,CFG_UART2_DATABITS,0
FLASH,CFG_UART2_PARITY,0
FLASH,CFG_SPI_MAXFF,50
FLASH,CFG_MSGOUT_UBX_NAV_PVT_I2C,0
FLASH,CFG_MSGOUT_UBX_NAV_PVT_UART1,0
FLASH,CFG_MSGOUT_UBX_NAV_PVT_UART2,0
FLASH,CFG_MSGOUT_UBX_NAV_PVT_USB,0
FLASH,CFG_MSGOUT_UBX_NAV_PVT_SPI,0
FLASH,CFG_MSGOUT_UBX_NAV_ORB_I2C,0
FLASH,CFG_MSGOUT_UBX_NAV_ORB_UART1,0
FLASH,CFG_MSGOUT_UBX_NAV_ORB_UART2,0
FLASH,CFG_MSGOUT_UBX_NAV_ORB_USB,0
FLASH,CFG_MSGOUT_UBX_NAV_ORB_SPI,0
FLASH,CFG_MSGOUT_UBX_NAV_SAT_I2C,0
FLASH,CFG_MSGOUT_UBX_NAV_SAT_UART1,0
FLASH,CFG_MSGOUT_UBX_NAV_SAT_UART2,0
FLASH,CFG_MSGOUT_UBX_NAV_SAT_USB,0
FLASH,CFG_MSGOUT_UBX_NAV_SAT_SPI,0
FLASH,CFG_MSGOUT_UBX_NAV_STATUS_I2C,0
FLASH,CFG_MSGOUT_UBX_NAV_STATUS_UART1,0
FLASH,CFG_MSGOUT_UBX_NAV_STATUS_UART2,0
FLASH,CFG_MSGOUT_UBX_NAV_STATUS_USB,0
FLASH,CFG_MSGOUT_UBX_NAV_STATUS_SPI,0
FLASH,CFG_MSGOUT_UBX_NAV_POSECEF_I2C,0
FLASH,CFG_MSGOUT_UBX_NAV_POSECEF_UART1,0
FLASH,CFG_MSGOUT_UBX_NAV_POSECEF_UART2,0
FLASH,CFG_MSGOUT_UBX_NAV_POSECEF_USB,0
FLASH,CFG_MSGOUT_UBX_NAV_POSECEF_SPI,0
FLASH,CFG_MSGOUT_UBX_NAV_POSLLH_I2C,0
FLASH,CFG_MSGOUT_UBX_NAV_POSLLH_UART1,0
FLASH,CFG_MSGOUT_UBX_NAV_POSLLH_UART2,0
FLASH,CFG_MSGOUT_UBX_NAV_POSLLH_USB,0
FLASH,CFG_MSGOUT_UBX_NAV_POSLLH_SPI,0
FLASH,CFG_MSGOUT_UBX_NAV_HPPOSECEF_I2C,0
FLASH,CFG_MSGOUT_UBX_NAV_HPPOSECEF_UART1,0
FLASH,CFG_MSGOUT_UBX_NAV_HPPOSECEF_UART2,0
FLASH,CFG_MSGOUT_UBX_NAV_HPPOSECEF_USB,0
FLASH,CFG_MSGOUT_UBX_NAV_HPPOSECEF_SPI,0
FLASH,CFG_MSGOUT_UBX_NAV_HPPOSLLH_I2C,0
FLASH,CFG_MSGOUT_UBX_NAV_HPPOSLLH_UART1,0
FLASH,CFG_MSGOUT_UBX_NAV_HPPOSLLH_UART2,0
FLASH,CFG_MSGOUT_UBX_NAV_HPPOSLLH_USB,0
FLASH,CFG_MSGOUT_UBX_NAV_HPPOSLLH_SPI,0
FLASH,CFG_MSGOUT_UBX_NAV_DOP_I2C,0
FLASH,CFG_MSGOUT_UBX_NAV_DOP_UART1,0
FLASH,CFG_MSGOUT_UBX_NAV_DOP_UART2,0
FLASH,CFG_MSGOUT_UBX_NAV_DOP_USB,0
FLASH,CFG_MSGOUT_UBX_NAV_DOP_SPI,0
FLASH,CFG_MSGOUT_UBX_NAV_VELECEF_I2C,0
FLASH,CFG_MSGOUT_UBX_NAV_VELECEF_UART1,0
FLASH,CFG_MSGOUT_UBX_NAV_VELECEF_UART2,0
FLASH,CFG_MSGOUT_UBX_NAV_VELECEF_USB,0
FLASH,CFG_MSGOUT_UBX_NAV_VELECEF_SPI,0
FLASH,CFG_MSGOUT_UBX_NAV_VELNED_I2C,0
FLASH,CFG_MSGOUT_UBX_NAV_VELNED_UART1,0
FLASH,CFG_MSGOUT_UBX_NAV_VELNED_UART2,0
FLASH,CFG_MSGOUT_UBX_NAV_VELNED_USB,0
FLASH,CFG_MSGOUT_UBX_NAV_VELNED_SPI,0
FLASH,CFG_MSGOUT_UBX_NAV_TIMEGPS_I2C,0
FLASH,CFG_MSGOUT_UBX_NAV_TIMEGPS_UART1,0
FLASH,CFG_MSGOUT_UBX_NAV_TIMEGPS_UART2,0
FLASH,CFG_MSGOUT_UBX_NAV_TIMEGPS_USB,0
FLASH,CFG_MSGOUT_UBX_NAV_TIMEGPS_SPI,0
FLASH,CFG_MSGOUT_UBX_NAV_TIMEGLO_I2C,0
FLASH,CFG_MSGOUT_UBX_NAV_TIMEGLO_UART1,0
FLASH,CFG_MSGOUT_UBX_NAV_TIMEGLO_UART2,0
FLASH,CFG_MSGOUT_UBX_NAV_TIMEGLO_USB,0
FLASH,CFG_MSGOUT_UBX_NAV_TIMEGLO_SPI,0
FLASH,CFG_MSGOUT_UBX_NAV_TIMEBDS_I2C,0
FLASH,CFG_MSGOUT_UBX_NAV_TIMEBDS_UART1,0
FLASH,CFG_MSGOUT_UBX_NAV_TIMEBDS_UART2,0
FLASH,CFG_MSGOUT_UBX_NAV_TIMEBDS_USB,0
FLASH,CFG_MSGOUT_UBX_NAV_TIMEBDS_SPI,0
FLASH,CFG_MSGOUT_UBX_NAV_TIMEGAL_I2C,0
FLASH,CFG_MSGOUT_UBX_NAV_TIMEGAL_UART1,0
FLASH,CFG_MSGOUT_UBX_NAV_TIMEGAL_UART2,0
FLASH,CFG_MSGOUT_UBX_NAV_TIMEGAL_USB,0
FLASH,CFG_MSGOUT_UBX_NAV_TIMEGAL_SPI,0
FLASH,CFG_MSGOUT_UBX_NAV_TIMEUTC_I2C,0
FLASH,CFG_MSGOUT_UBX_NAV_TIMEUTC_UART1,0
FLASH,CFG_MSGOUT_UBX_NAV_TIMEUTC_UART2,0
FLASH,CFG_MSGOUT_UBX_NAV_TIMEUTC_USB,0
FLASH,CFG_MSGOUT_UBX_NAV_TIMEUTC_SPI,0
FLASH,CFG_MSGOUT_UBX_NAV_TIMELS_I2C,0
FLASH,CFG_MSGOUT_UBX_NAV_TIMELS_UART1,0
FLASH,CFG_MSGOUT_UBX_NAV_TIMELS_UART2,0
FLASH,CFG_MSGOUT_UBX_NAV_TIMELS_USB,0
FLASH,CFG_MSGOUT_UBX_NAV_TIMELS_SPI,0
FLASH,CFG_MSGOUT_UBX_NAV_CLOCK_I2C,0
FLASH,CFG_MSGOUT_UBX_NAV_CLOCK_UART1,0
FLASH,CFG_MSGOUT_UBX_NAV_CLOCK_UART2,0
FLASH,CFG_MSGOUT_UBX_NAV_CLOCK_USB,0
FLASH,CFG_MSGOUT_UBX_NAV_CLOCK_SPI,0
FLASH,CFG_MSGOUT_UBX_NAV_SBAS_I2C,0
FLASH,CFG_MSGOUT_UBX_NAV_SBAS_UART1,0
FLASH,CFG_MSGOUT_UBX_NAV_SBAS_UART2,0
FLASH,CFG_MSGOUT_UBX_NAV_SBAS_USB,0
FLASH,CFG_MSGOUT_UBX_NAV_SBAS_SPI,0
FLASH,CFG_MSGOUT_UBX_NAV_ODO_I2C,0
FLASH,CFG_MSGOUT_UBX_NAV_ODO_UART1,0
FLASH,CFG_MSGOUT_UBX_NAV_ODO_UART2,0
FLASH,CFG_MSGOUT_UBX_NAV_ODO_USB,0
FLASH,CFG_MSGOUT_UBX_NAV_ODO_SPI,0
FLASH,CFG_MSGOUT_UBX_NAV_COV_I2C,0
FLASH,CFG_MSGOUT_UBX_NAV_COV_UART1,0
FLASH,CFG_MSGOUT_UBX_NAV_COV_UART2,0
FLASH,CFG_MSGOUT_UBX_NAV_COV_USB,0
FLASH,CFG_MSGOUT_UBX_NAV_COV_SPI,0
FLASH,CFG_MSGOUT_UBX_NAV_SVIN_I2C,0
FLASH,CFG_MSGOUT_UBX_NAV_SVIN_UART1,0
FLASH,CFG_MSGOUT_UBX_NAV_SVIN_UART2,0
FLASH,CFG_MSGOUT_UBX_NAV_SVIN_USB,0
FLASH,CFG_MSGOUT_UBX_NAV_SVIN_SPI,0
FLASH,CFG_MSGOUT_UBX_NAV_RELPOSNED_I2C,0
FLASH,CFG_MSGOUT_UBX_NAV_RELPOSNED_UART1,0
FLASH,CFG_MSGOUT_UBX_NAV_RELPOSNED_UART2,0
FLASH,CFG_MSGOUT_UBX_NAV_RELPOSNED_USB,0
FLASH,CFG_MSGOUT_UBX_NAV_RELPOSNED_SPI,0
FLASH,CFG_MSGOUT_UBX_TIM_VRFY_I2C,0
FLASH,CFG_MSGOUT_UBX_TIM_VRFY_UART1,0
FLASH,CFG_MSGOUT_UBX_TIM_VRFY_UART2,0
FLASH,CFG_MSGOUT_UBX_TIM_VRFY_USB,0
FLASH,CFG_MSGOUT_UBX_TIM_VRFY_SPI,0
FLASH,CFG_MSGOUT_UBX_NAV_GEOFENCE_I2C,0
FLASH,CFG_MSGOUT_UBX_NAV_GEOFENCE_UART1,0
FLASH,CFG_MSGOUT_UBX_NAV_GEOFENCE_UART2,0
FLASH,CFG_MSGOUT_UBX_NAV_GEOFENCE_USB,0
FLASH,CFG_MSGOUT_UBX_NAV_GEOFENCE_SPI,0
FLASH,CFG_MSGOUT_NMEA_ID_DTM_I2C,0
FLASH,CFG_MSGOUT_NMEA_ID_DTM_UART1,0
FLASH,CFG_MSGOUT_NMEA_ID_DTM_UART2,0
FLASH,CFG_MSGOUT_NMEA_ID_DTM_USB,0
FLASH,CFG_MSGOUT_NMEA_ID_DTM_SPI,0
FLASH,CFG_MSGOUT_NMEA_ID_RMC_I2C,1
FLASH,CFG_MSGOUT_NMEA_ID_RMC_UART1,1
FLASH,CFG_MSGOUT_NMEA_ID_RMC_UART2,1
FLASH,CFG_MSGOUT_NMEA_ID_RMC_USB,1
FLASH,CFG_MSGOUT_NMEA_ID_RMC_SPI,1
FLASH,CFG_MSGOUT_NMEA_ID_VTG_I2C,1
FLASH,CFG_MSGOUT_NMEA_ID_VTG_UART1,1
FLASH,CFG_MSGOUT_NMEA_ID_VTG_UART2,1
FLASH,CFG_MSGOUT_NMEA_ID_VTG_USB,1
FLASH,CFG_MSGOUT_NMEA_ID_VTG_SPI,1
FLASH,CFG_MSGOUT_NMEA_ID_GNS_I2C,0
FLASH,CFG_MSGOUT_NMEA_ID_GNS_UART1,0
FLASH,CFG_MSGOUT_NMEA_ID_GNS_UART2,0
FLASH,CFG_MSGOUT_NMEA_ID_GNS_USB,0
FLASH,CFG_MSGOUT_NMEA_ID_GNS_SPI,0
FLASH,CFG_MSGOUT_NMEA_ID_GGA_I2C,1
FLASH,CFG_MSGOUT_NMEA_ID_GGA_UART1,1
FLASH,CFG_MSGOUT_NMEA_ID_GGA_UART2,1
FLASH,CFG_MSGOUT_NMEA_ID_GGA_USB,1
FLASH,CFG_MSGOUT_NMEA_ID_GGA_SPI,1
FLASH,CFG_MSGOUT_NMEA_ID_GSA_I2C,1
FLASH,CFG_MSGOUT_NMEA_ID_GSA_UART1,1
FLASH,CFG_MSGOUT_NMEA_ID_GSA_UART2,1
FLASH,CFG_MSGOUT_NMEA_ID_GSA_USB,1
FLASH,CFG_MSGOUT_NMEA_ID_GSA_SPI,1
FLASH,CFG_MSGOUT_NMEA_ID_GSV_I2C,1
FLASH,CFG_MSGOUT_NMEA_ID_GSV_UART1,1
FLASH,CFG_MSGOUT_NMEA_ID_GSV_UART2,1
FLASH,CFG_MSGOUT_NMEA_ID_GSV_USB,1
FLASH,CFG_MSGOUT_NMEA_ID_GSV_SPI,1
FLASH,CFG_MSGOUT_NMEA_ID_GLL_I2C,1
FLASH,CFG_MSGOUT_NMEA_ID_GLL_UART1,1
FLASH,CFG_MSGOUT_NMEA_ID_GLL_UART2,1
FLASH,CFG_MSGOUT_NMEA_ID_GLL_USB,1
FLASH,CFG_MSGOUT_NMEA_ID_GLL_SPI,1
FLASH,CFG_MSGOUT_NMEA_ID_GRS_I2C,0
FLASH,CFG_MSGOUT_NMEA_ID_GRS_UART1,0
FLASH,CFG_MSGOUT_NMEA_ID_GRS_UART2,0
FLASH,CFG_MSGOUT_NMEA_ID_GRS_USB,0
FLASH,CFG_MSGOUT_NMEA_ID_GRS_SPI,0
FLASH,CFG_MSGOUT_NMEA_ID_GST_I2C,0
FLASH,CFG_MSGOUT_NMEA_ID_GST_UART1,0
FLASH,CFG_MSGOUT_NMEA_ID_GST_UART2,0
FLASH,CFG_MSGOUT_NMEA_ID_GST_USB,0
FLASH,CFG_MSGOUT_NMEA_ID_GST_SPI,0
FLASH,CFG_MSGOUT_NMEA_ID_ZDA_I2C,0
FLASH,CFG_MSGOUT_NMEA_ID_ZDA_UART1,0
FLASH,CFG_MSGOUT_NMEA_ID_ZDA_UART2,0
FLASH,CFG_MSGOUT_NMEA_ID_ZDA_USB,0
FLASH,CFG_MSGOUT_NMEA_ID_ZDA_SPI,0
FLASH,CFG_MSGOUT_NMEA_ID_GBS_I2C,0
FLASH,CFG_MSGOUT_NMEA_ID_GBS_UART1,0
FLASH,CFG_MSGOUT_NMEA_ID_GBS_UART2,0
FLASH,CFG_MSGOUT_NMEA_ID_GBS_USB,0
FLASH,CFG_MSGOUT_NMEA_ID_GBS_SPI,0
FLASH,CFG_MSGOUT_NMEA_ID_VLW_I2C,0
FLASH,CFG_MSGOUT_NMEA_ID_VLW_UART1,0
FLASH,CFG_MSGOUT_NMEA_ID_VLW_UART2,0
FLASH,CFG_MSGOUT_NMEA_ID_VLW_USB,0
FLASH,CFG_MSGOUT_NMEA_ID_VLW_SPI,0
FLASH,CFG_MSGOUT_PUBX_ID_POLYP_I2C,0
FLASH,CFG_MSGOUT_PUBX_ID_POLYP_UART1,0
FLASH,CFG_MSGOUT_PUBX_ID_POLYP_UART2,0
FLASH,CFG_MSGOUT_PUBX_ID_POLYP_USB,0
FLASH,CFG_MSGOUT_PUBX_ID_POLYP_SPI,0
FLASH,CFG_MSGOUT_PUBX_ID_POLYS_I2C,0
FLASH,CFG_MSGOUT_PUBX_ID_POLYS_UART1,0
FLASH,CFG_MSGOUT_PUBX_ID_POLYS_UART2,0
FLASH,CFG_MSGOUT_PUBX_ID_POLYS_USB,0
FLASH,CFG_MSGOUT_PUBX_ID_POLYS_SPI,0
FLASH,CFG_MSGOUT_PUBX_ID_POLYT_I2C,0
FLASH,CFG_MSGOUT_PUBX_ID_POLYT_UART1,0
FLASH,CFG_MSGOUT_PUBX_ID_POLYT_UART2,0
FLASH,CFG_MSGOUT_PUBX_ID_POLYT_USB,0
FLASH,CFG_MSGOUT_PUBX_ID_POLYT_SPI,0
FLASH,CFG_MSGOUT_UBX_NAV_EOE_I2C,0
FLASH,CFG_MSGOUT_UBX_NAV_EOE_UART1,0
FLASH,CFG_MSGOUT_UBX_NAV_EOE_UART2,0
FLASH,CFG_MSGOUT_UBX_NAV_EOE_USB,0
FLASH,CFG_MSGOUT_UBX_NAV_EOE_SPI,0
FLASH,CFG_MSGOUT_UBX_TIM_TM2_I2C,0
FLASH,CFG_MSGOUT_UBX_TIM_TM2_UART1,0
FLASH,CFG_MSGOUT_UBX_TIM_TM2_UART2,0
FLASH,CFG_MSGOUT_UBX_TIM_TM2_USB,0
FLASH,CFG_MSGOUT_UBX_TIM_TM2_SPI,0
FLASH,CFG_MSGOUT_UBX_TIM_TP_I2C,0
FLASH,CFG_MSGOUT_UBX_TIM_TP_UART1,0
FLASH,CFG_MSGOUT_UBX_TIM_TP_UART2,0
FLASH,CFG_MSGOUT_UBX_TIM_TP_USB,0
FLASH,CFG_MSGOUT_UBX_TIM_TP_SPI,0
FLASH,CFG_MSGOUT_UBX_MON_RXR_I2C,0
FLASH,CFG_MSGOUT_UBX_MON_RXR_UART1,0
FLASH,CFG_MSGOUT_UBX_MON_RXR_UART2,0
FLASH,CFG_MSGOUT_UBX_MON_RXR_USB,0
FLASH,CFG_MSGOUT_UBX_MON_RXR_SPI,0
FLASH,CFG_MSGOUT_UBX_MON_MSGPP_I2C,0
FLASH,CFG_MSGOUT_UBX_MON_MSGPP_UART1,0
FLASH,CFG_MSGOUT_UBX_MON_MSGPP_UART2,0
FLASH,CFG_MSGOUT_UBX_MON_MSGPP_USB,0
FLASH,CFG_MSGOUT_UBX_MON_MSGPP_SPI,0
FLASH,CFG_MSGOUT_UBX_MON_TXBUF_I2C,0
FLASH,CFG_MSGOUT_UBX_MON_TXBUF_UART1,0
FLASH,CFG_MSGOUT_UBX_MON_TXBUF_UART2,0
FLASH,CFG_MSGOUT_UBX_MON_TXBUF_USB,0
FLASH,CFG_MSGOUT_UBX_MON_TXBUF_SPI,0
FLASH,CFG_MSGOUT_UBX_MON_RXBUF_I2C,0
FLASH,CFG_MSGOUT_UBX_MON_RXBUF_UART1,0
FLASH,CFG_MSGOUT_UBX_MON_RXBUF_UART2,0
FLASH,CFG_MSGOUT_UBX_MON_RXBUF_USB,0
FLASH,CFG_MSGOUT_UBX_MON_RXBUF_SPI,0
FLASH,CFG_MSGOUT_UBX_MON_IO_I2C,0
FLASH,CFG_MSGOUT_UBX_MON_IO_UART1,0
FLASH,CFG_MSGOUT_UBX_MON_IO_UART2,0
FLASH,CFG_MSGOUT_UBX_MON_IO_USB,0
FLASH,CFG_MSGOUT_UBX_MON_IO_SPI,0
FLASH,CFG_MSGOUT_UBX_MON_HW_I2C,0
FLASH,CFG_MSGOUT_UBX_MON_HW_UART1,0
FLASH,CFG_MSGOUT_UBX_MON_HW_UART2,0
FLASH,CFG_MSGOUT_UBX_MON_HW_USB,0
FLASH,CFG_MSGOUT_UBX_MON_HW_SPI,0
FLASH,CFG_MSGOUT_UBX_MON_HW2_I2C,0
FLASH,CFG_MSGOUT_UBX_MON_HW2_UART1,0
FLASH,CFG_MSGOUT_UBX_MON_HW2_UART2,0
FLASH,CFG_MSGOUT_UBX_MON_HW2_USB,0
FLASH,CFG_MSGOUT_UBX_MON_HW2_SPI,0
FLASH,CFG_MSGOUT_UBX_RXM_MEASX_I2C,0
FLASH,CFG_MSGOUT_UBX_RXM_MEASX_UART1,0
FLASH,CFG_MSGOUT_UBX_RXM_MEASX_UART2,0
FLASH,CFG_MSGOUT_UBX_RXM_MEASX_USB,0
FLASH,CFG_MSGOUT_UBX_RXM_MEASX_SPI,0
FLASH,CFG_MSGOUT_UBX_RXM_SFRBX_I2C,0
FLASH,CFG_MSGOUT_UBX_RXM_SFRBX_UART1,0
FLASH,CFG_MSGOUT_UBX_RXM_SFRBX_UART2,0
FLASH,CFG_MSGOUT_UBX_RXM_SFRBX_USB,0
FLASH,CFG_MSGOUT_UBX_RXM_SFRBX_SPI,0
FLASH,CFG_MSGOUT_UBX_LOG_INFO_I2C,0
FLASH,CFG_MSGOUT_UBX_LOG_INFO_UART1,0
FLASH,CFG_MSGOUT_UBX_LOG_INFO_UART2,0
FLASH,CFG_MSGOUT_UBX_LOG_INFO_USB,0
FLASH,CFG_MSGOUT_UBX_LOG_INFO_SPI,0
FLASH,CFG_MSGOUT_UBX_RXM_RLM_I2C,0
FLASH,CFG_MSGOUT_UBX_RXM_RLM_UART1,0
FLASH,CFG_MSGOUT_UBX_RXM_RLM_UART2,0
FLASH,CFG_MSGOUT_UBX_RXM_RLM_USB,0
FLASH,CFG_MSGOUT_UBX_RXM_RLM_SPI,0
FLASH,CFG_MSGOUT_UBX_RXM_RTCM_I2C,0
FLASH,CFG_MSGOUT_UBX_RXM_RTCM_UART1,0
FLASH,CFG_MSGOUT_UBX_RXM_RTCM_UART2,0
FLASH,CFG_MSGOUT_UBX_RXM_RTCM_USB,0
FLASH,CFG_MSGOUT_UBX_RXM_RTCM_SPI,0
FLASH,CFG_MSGOUT_UBX_RXM_RAWX_I2C,0
FLASH,CFG_MSGOUT_UBX_RXM_RAWX_UART1,0
FLASH,CFG_MSGOUT_UBX_RXM_RAWX_UART2,0
FLASH,CFG_MSGOUT_UBX_RXM_RAWX_USB,0
FLASH,CFG_MSGOUT_UBX_RXM_RAWX_SPI,0
FLASH,CFG_MSGOUT_RTCM_3X_TYPE1005_I2C,0
FLASH,CFG_MSGOUT_RTCM_3X_TYPE1005_UART1,0
FLASH,CFG_MSGOUT_RTCM_3X_TYPE1005_UART2,0
FLASH,CFG_MSGOUT_RTCM_3X_TYPE1005_USB,1
FLASH,CFG_MSGOUT_RTCM_3X_TYPE1005_SPI,0
FLASH,CFG_MSGOUT_RTCM_3X_TYPE1077_I2C,0
FLASH,CFG_MSGOUT_RTCM_3X_TYPE1077_UART1,0
FLASH,CFG_MSGOUT_RTCM_3X_TYPE1077_UART2,0
FLASH,CFG_MSGOUT_RTCM_3X_TYPE1077_USB,1
FLASH,CFG_MSGOUT_RTCM_3X_TYPE1077_SPI,0
FLASH,CFG_MSGOUT_RTCM_3X_TYPE1087_I2C,0
FLASH,CFG_MSGOUT_RTCM_3X_TYPE1087_UART1,0
FLASH,CFG_MSGOUT_RTCM_3X_TYPE1087_UART2,0
FLASH,CFG_MSGOUT_RTCM_3X_TYPE1087_USB,1
FLASH,CFG_MSGOUT_RTCM_3X_TYPE1087_SPI,0
FLASH,CFG_MSGOUT_RTCM_3X_TYPE1127_I2C,0
FLASH,CFG_MSGOUT_RTCM_3X_TYPE1127_UART1,0
FLASH,CFG_MSGOUT_RTCM_3X_TYPE1127_UART2,0
FLASH,CFG_MSGOUT_RTCM_3X_TYPE1127_USB,1
FLASH,CFG_MSGOUT_RTCM_3X_TYPE1127_SPI,0
FLASH,CFG_MSGOUT_RTCM_3X_TYPE4072_0_I2C,0
FLASH,CFG_MSGOUT_RTCM_3X_TYPE4072_0_UART1,0
FLASH,CFG_MSGOUT_RTCM_3X_TYPE4072_0_UART2,0
FLASH,CFG_MSGOUT_RTCM_3X_TYPE4072_0_USB,0
FLASH,CFG_MSGOUT_RTCM_3X_TYPE4072_0_SPI,0
FLASH,CFG_MSGOUT_RTCM_3X_TYPE1230_I2C,0
FLASH,CFG_MSGOUT_RTCM_3X_TYPE1230_UART1,0
FLASH,CFG_MSGOUT_RTCM_3X_TYPE1230_UART2,0
FLASH,CFG_MSGOUT_RTCM_3X_TYPE1230_USB,5
FLASH,CFG_MSGOUT_RTCM_3X_TYPE1230_SPI,0
FLASH,CFG_MSGOUT_RTCM_3X_TYPE1097_I2C,0
FLASH,CFG_MSGOUT_RTCM_3X_TYPE1097_UART1,0
FLASH,CFG_MSGOUT_RTCM_3X_TYPE1097_UART2,0
FLASH,CFG_MSGOUT_RTCM_3X_TYPE1097_USB,1
FLASH,CFG_MSGOUT_RTCM_3X_TYPE1097_SPI,0
FLASH,CFG_MSGOUT_UBX_NAV_SLAS_I2C,0
FLASH,CFG_MSGOUT_UBX_NAV_SLAS_UART1,0
FLASH,CFG_MSGOUT_UBX_NAV_SLAS_UART2,0
FLASH,CFG_MSGOUT_UBX_NAV_SLAS_USB,0
FLASH,CFG_MSGOUT_UBX_NAV_SLAS_SPI,0
FLASH,CFG_MSGOUT_UBX_NAV_SIG_I2C,0
FLASH,CFG_MSGOUT_UBX_NAV_SIG_UART1,0
FLASH,CFG_MSGOUT_UBX_NAV_SIG_UART2,0
FLASH,CFG_MSGOUT_UBX_NAV_SIG_USB,0
FLASH,CFG_MSGOUT_UBX_NAV_SIG_SPI,0
FLASH,CFG_MSGOUT_UBX_MON_COMMS_I2C,0
FLASH,CFG_MSGOUT_UBX_MON_COMMS_UART1,0
FLASH,CFG_MSGOUT_UBX_MON_COMMS_UART2,0
FLASH,CFG_MSGOUT_UBX_MON_COMMS_USB,0
FLASH,CFG_MSGOUT_UBX_MON_COMMS_SPI,0
FLASH,CFG_MSGOUT_UBX_MON_HW3_I2C,0
FLASH,CFG_MSGOUT_UBX_MON_HW3_UART1,0
FLASH,CFG_MSGOUT_UBX_MON_HW3_UART2,0
FLASH,CFG_MSGOUT_UBX_MON_HW3_USB,0
FLASH,CFG_MSGOUT_UBX_MON_HW3_SPI,0
FLASH,CFG_MSGOUT_UBX_MON_RF_I2C,0
FLASH,CFG_MSGOUT_UBX_MON_RF_UART1,0
FLASH,CFG_MSGOUT_UBX_MON_RF_UART2,0
FLASH,CFG_MSGOUT_UBX_MON_RF_USB,0
FLASH,CFG_MSGOUT_UBX_MON_RF_SPI,0
FLASH,CFG_MSGOUT_RTCM_3X_TYPE1074_I2C,0
FLASH,CFG_MSGOUT_RTCM_3X_TYPE1074_UART1,0
FLASH,CFG_MSGOUT_RTCM_3X_TYPE1074_UART2,0
FLASH,CFG_MSGOUT_RTCM_3X_TYPE1074_USB,0
FLASH,CFG_MSGOUT_RTCM_3X_TYPE1074_SPI,0
FLASH,CFG_MSGOUT_RTCM_3X_TYPE1084_I2C,0
FLASH,CFG_MSGOUT_RTCM_3X_TYPE1084_UART1,0
FLASH,CFG_MSGOUT_RTCM_3X_TYPE1084_UART2,0
FLASH,CFG_MSGOUT_RTCM_3X_TYPE1084_USB,0
FLASH,CFG_MSGOUT_RTCM_3X_TYPE1084_SPI,0
FLASH,CFG_MSGOUT_RTCM_3X_TYPE1094_I2C,0
FLASH,CFG_MSGOUT_RTCM_3X_TYPE1094_UART1,0
FLASH,CFG_MSGOUT_RTCM_3X_TYPE1094_UART2,0
FLASH,CFG_MSGOUT_RTCM_3X_TYPE1094_USB,0
FLASH,CFG_MSGOUT_RTCM_3X_TYPE1094_SPI,0
FLASH,CFG_MSGOUT_RTCM_3X_TYPE1124_I2C,0
FLASH,CFG_MSGOUT_RTCM_3X_TYPE1124_UART1,0
FLASH,CFG_MSGOUT_RTCM_3X_TYPE1124_UART2,0
FLASH,CFG_MSGOUT_RTCM_3X_TYPE1124_USB,0
FLASH,CFG_MSGOUT_RTCM_3X_TYPE1124_SPI,0
FLASH,CFG_MSGOUT_RTCM_3X_TYPE4072_1_I2C,0
FLASH,CFG_MSGOUT_RTCM_3X_TYPE4072_1_UART1,0
FLASH,CFG_MSGOUT_RTCM_3X_TYPE4072_1_UART2,0
FLASH,CFG_MSGOUT_RTCM_3X_TYPE4072_1_USB,0
FLASH,CFG_MSGOUT_RTCM_3X_TYPE4072_1_SPI,0
FLASH,CFG_MSGOUT_UBX_NAV_TIMEQZSS_I2C,0
FLASH,CFG_MSGOUT_UBX_NAV_TIMEQZSS_UART1,0
FLASH,CFG_MSGOUT_UBX_NAV_TIMEQZSS_UART2,0
FLASH,CFG_MSGOUT_UBX_NAV_TIMEQZSS_USB,0
FLASH,CFG_MSGOUT_UBX_NAV_TIMEQZSS_SPI,0
FLASH,CFG_MSGOUT_UBX_MON_SPAN_I2C,0
FLASH,CFG_MSGOUT_UBX_MON_SPAN_UART1,0
FLASH,CFG_MSGOUT_UBX_MON_SPAN_UART2,0
FLASH,CFG_MSGOUT_UBX_MON_SPAN_USB,0
FLASH,CFG_MSGOUT_UBX_MON_SPAN_SPI,0
FLASH,CFG_MSGOUT_NMEA_ID_RLM_I2C,0
FLASH,CFG_MSGOUT_NMEA_ID_RLM_UART1,0
FLASH,CFG_MSGOUT_NMEA_ID_RLM_UART2,0
FLASH,CFG_MSGOUT_NMEA_ID_RLM_USB,0
FLASH,CFG_MSGOUT_NMEA_ID_RLM_SPI,0
FLASH,CFG_MSGOUT_UBX_NAV_PL_I2C,0
FLASH,CFG_MSGOUT_UBX_NAV_PL_UART1,0
FLASH,CFG_MSGOUT_UBX_NAV_PL_UART2,0
FLASH,CFG_MSGOUT_UBX_NAV_PL_USB,0
FLASH,CFG_MSGOUT_UBX_NAV_PL_SPI,0
FLASH,CFG_MSGOUT_UBX_NAV2_CLOCK_I2C,0
FLASH,CFG_MSGOUT_UBX_NAV2_CLOCK_UART1,0
FLASH,CFG_MSGOUT_UBX_NAV2_CLOCK_UART2,0
FLASH,CFG_MSGOUT_UBX_NAV2_CLOCK_USB,0
FLASH,CFG_MSGOUT_UBX_NAV2_CLOCK_SPI,0
FLASH,CFG_MSGOUT_UBX_NAV2_COV_I2C,0
FLASH,CFG_MSGOUT_UBX_NAV2_COV_UART1,0
FLASH,CFG_MSGOUT_UBX_NAV2_COV_UART2,0
FLASH,CFG_MSGOUT_UBX_NAV2_COV_USB,0
FLASH,CFG_MSGOUT_UBX_NAV2_COV_SPI,0
FLASH,CFG_MSGOUT_UBX_NAV2_DOP_I2C,0
FLASH,CFG_MSGOUT_UBX_NAV2_DOP_UART1,0
FLASH,CFG_MSGOUT_UBX_NAV2_DOP_UART2,0
FLASH,CFG_MSGOUT_UBX_NAV2_DOP_USB,0
FLASH,CFG_MSGOUT_UBX_NAV2_DOP_SPI,0
FLASH,CFG_MSGOUT_UBX_NAV2_ODO_I2C,0
FLASH,CFG_MSGOUT_UBX_NAV2_ODO_UART1,0
FLASH,CFG_MSGOUT_UBX_NAV2_ODO_UART2,0
FLASH,CFG_MSGOUT_UBX_NAV2_ODO_USB,0
FLASH,CFG_MSGOUT_UBX_NAV2_ODO_SPI,0
FLASH,CFG_MSGOUT_UBX_NAV2_POSECEF_I2C,0
FLASH,CFG_MSGOUT_UBX_NAV2_POSECEF_UART1,0
FLASH,CFG_MSGOUT_UBX_NAV2_POSECEF_UART2,0
FLASH,CFG_MSGOUT_UBX_NAV2_POSECEF_USB,0
FLASH,CFG_MSGOUT_UBX_NAV2_POSECEF_SPI,0
FLASH,CFG_MSGOUT_UBX_NAV2_POSLLH_I2C,0
FLASH,CFG_MSGOUT_UBX_NAV2_POSLLH_UART1,0
FLASH,CFG_MSGOUT_UBX_NAV2_POSLLH_UART2,0
FLASH,CFG_MSGOUT_UBX_NAV2_POSLLH_USB,0
FLASH,CFG_MSGOUT_UBX_NAV2_POSLLH_SPI,0
FLASH,CFG_MSGOUT_UBX_NAV2_PVT_I2C,0
FLASH,CFG_MSGOUT_UBX_NAV2_PVT_UART1,0
FLASH,CFG_MSGOUT_UBX_NAV2_PVT_UART2,0
FLASH,CFG_MSGOUT_UBX_NAV2_PVT_USB,0
FLASH,CFG_MSGOUT_UBX_NAV2_PVT_SPI,0
FLASH,CFG_MSGOUT_UBX_NAV2_SAT_I2C,0
FLASH,CFG_MSGOUT_UBX_NAV2_SAT_UART1,0
FLASH,CFG_MSGOUT_UBX_NAV2_SAT_UART2,0
FLASH,CFG_MSGOUT_UBX_NAV2_SAT_USB,0
FLASH,CFG_MSGOUT_UBX_NAV2_SAT_SPI,0
FLASH,CFG_MSGOUT_UBX_NAV2_SBAS_I2C,0
FLASH,CFG_MSGOUT_UBX_NAV2_SBAS_UART1,0
FLASH,CFG_MSGOUT_UBX_NAV2_SBAS_UART2,0
FLASH,CFG_MSGOUT_UBX_NAV2_SBAS_USB,0
FLASH,CFG_MSGOUT_UBX_NAV2_SBAS_SPI,0
FLASH,CFG_MSGOUT_UBX_NAV2_SIG_I2C,0
FLASH,CFG_MSGOUT_UBX_NAV2_SIG_UART1,0
FLASH,CFG_MSGOUT_UBX_NAV2_SIG_UART2,0
FLASH,CFG_MSGOUT_UBX_NAV2_SIG_USB,0
FLASH,CFG_MSGOUT_UBX_NAV2_SIG_SPI,0
FLASH,CFG_MSGOUT_UBX_NAV2_SLAS_I2C,0
FLASH,CFG_MSGOUT_UBX_NAV2_SLAS_UART1,0
FLASH,CFG_MSGOUT_UBX_NAV2_SLAS_UART2,0
FLASH,CFG_MSGOUT_UBX_NAV2_SLAS_USB,0
FLASH,CFG_MSGOUT_UBX_NAV2_SLAS_SPI,0
FLASH,CFG_MSGOUT_UBX_NAV2_STATUS_I2C,0
FLASH,CFG_MSGOUT_UBX_NAV2_STATUS_UART1,0
FLASH,CFG_MSGOUT_UBX_NAV2_STATUS_UART2,0
FLASH,CFG_MSGOUT_UBX_NAV2_STATUS_USB,0
FLASH,CFG_MSGOUT_UBX_NAV2_STATUS_SPI,0
FLASH,CFG_MSGOUT_UBX_NAV2_SVIN_I2C,0
FLASH,CFG_MSGOUT_UBX_NAV2_SVIN_UART1,0
FLASH,CFG_MSGOUT_UBX_NAV2_SVIN_UART2,0
FLASH,CFG_MSGOUT_UBX_NAV2_SVIN_USB,0
FLASH,CFG_MSGOUT_UBX_NAV2_SVIN_SPI,0
FLASH,CFG_MSGOUT_UBX_NAV2_TIMEBDS_I2C,0
FLASH,CFG_MSGOUT_UBX_NAV2_TIMEBDS_UART1,0
FLASH,CFG_MSGOUT_UBX_NAV2_TIMEBDS_UART2,0
FLASH,CFG_MSGOUT_UBX_NAV2_TIMEBDS_USB,0
FLASH,CFG_MSGOUT_UBX_NAV2_TIMEBDS_SPI,0
FLASH,CFG_MSGOUT_UBX_NAV2_TIMEGAL_I2C,0
FLASH,CFG_MSGOUT_UBX_NAV2_TIMEGAL_UART1,0
FLASH,CFG_MSGOUT_UBX_NAV2_TIMEGAL_UART2,0
FLASH,CFG_MSGOUT_UBX_NAV2_TIMEGAL_USB,0
FLASH,CFG_MSGOUT_UBX_NAV2_TIMEGAL_SPI,0
FLASH,CFG_MSGOUT_UBX_NAV2_TIMEGLO_I2C,0
FLASH,CFG_MSGOUT_UBX_NAV2_TIMEGLO_UART1,0
FLASH,CFG_MSGOUT_UBX_NAV2_TIMEGLO_UART2,0
FLASH,CFG_MSGOUT_UBX_NAV2_TIMEGLO_USB,0
FLASH,CFG_MSGOUT_UBX_NAV2_TIMEGLO_SPI,0
FLASH,CFG_MSGOUT_UBX_NAV2_TIMEGPS_I2C,0
FLASH,CFG_MSGOUT_UBX_NAV2_TIMEGPS_UART1,0
FLASH,CFG_MSGOUT_UBX_NAV2_TIMEGPS_UART2,0
FLASH,CFG_MSGOUT_UBX_NAV2_TIMEGPS_USB,0
FLASH,CFG_MSGOUT_UBX_NAV2_TIMEGPS_SPI,0
FLASH,CFG_MSGOUT_UBX_NAV2_TIMELS_I2C,0
FLASH,CFG_MSGOUT_UBX_NAV2_TIMELS_UART1,0
FLASH,CFG_MSGOUT_UBX_NAV2_TIMELS_UART2,0
FLASH,CFG_MSGOUT_UBX_NAV2_TIMELS_USB,0
FLASH,CFG_MSGOUT_UBX_NAV2_TIMELS_SPI,0
FLASH,CFG_MSGOUT_UBX_NAV2_TIMEUTC_I2C,0
FLASH,CFG_MSGOUT_UBX_NAV2_TIMEUTC_UART1,0
FLASH,CFG_MSGOUT_UBX_NAV2_TIMEUTC_UART2,0
FLASH,CFG_MSGOUT_UBX_NAV2_TIMEUTC_USB,0
FLASH,CFG_MSGOUT_UBX_NAV2_TIMEUTC_SPI,0
FLASH,CFG_MSGOUT_UBX_NAV2_VELECEF_I2C,0
FLASH,CFG_MSGOUT_UBX_NAV2_VELECEF_UART1,0
FLASH,CFG_MSGOUT_UBX_NAV2_VELECEF_UART2,0
FLASH,CFG_MSGOUT_UBX_NAV2_VELECEF_USB,0
FLASH,CFG_MSGOUT_UBX_NAV2_VELECEF_SPI,0
FLASH,CFG_MSGOUT_UBX_NAV2_VELNED_I2C,0
FLASH,CFG_MSGOUT_UBX_NAV2_VELNED_UART1,0
FLASH,CFG_MSGOUT_UBX_NAV2_VELNED_UART2,0
FLASH,CFG_MSGOUT_UBX_NAV2_VELNED_USB,0
FLASH,CFG_MSGOUT_UBX_NAV2_VELNED_SPI,0
FLASH,CFG_MSGOUT_UBX_NAV2_EOE_I2C,0
FLASH,CFG_MSGOUT_UBX_NAV2_EOE_UART1,0
FLASH,CFG_MSGOUT_UBX_NAV2_EOE_UART2,0
FLASH,CFG_MSGOUT_UBX_NAV2_EOE_USB,0
FLASH,CFG_MSGOUT_UBX_NAV2_EOE_SPI,0
FLASH,CFG_MSGOUT_UBX_NAV2_TIMEQZSS_I2C,0
FLASH,CFG_MSGOUT_UBX_NAV2_TIMEQZSS_UART1,0
FLASH,CFG_MSGOUT_UBX_NAV2_TIMEQZSS_UART2,0
FLASH,CFG_MSGOUT_UBX_NAV2_TIMEQZSS_USB,0
FLASH,CFG_MSGOUT_UBX_NAV2_TIMEQZSS_SPI,0
FLASH,CFG_MSGOUT_UBX_RXM_SPARTN_I2C,0
FLASH,CFG_MSGOUT_UBX_RXM_SPARTN_UART1,0
FLASH,CFG_MSGOUT_UBX_RXM_SPARTN_UART2,0
FLASH,CFG_MSGOUT_UBX_RXM_SPARTN_USB,0
FLASH,CFG_MSGOUT_UBX_RXM_SPARTN_SPI,0
FLASH,CFG_MSGOUT_UBX_SEC_SIG_I2C,0
FLASH,CFG_MSGOUT_UBX_SEC_SIG_UART1,0
FLASH,CFG_MSGOUT_UBX_SEC_SIG_UART2,0
FLASH,CFG_MSGOUT_UBX_SEC_SIG_USB,0
FLASH,CFG_MSGOUT_UBX_SEC_SIG_SPI,0
FLASH,CFG_MSGOUT_NMEA_NAV2_ID_RMC_I2C,0
FLASH,CFG_MSGOUT_NMEA_NAV2_ID_RMC_UART1,0
FLASH,CFG_MSGOUT_NMEA_NAV2_ID_RMC_UART2,0
FLASH,CFG_MSGOUT_NMEA_NAV2_ID_RMC_USB,0
FLASH,CFG_MSGOUT_NMEA_NAV2_ID_RMC_SPI,0
FLASH,CFG_MSGOUT_NMEA_NAV2_ID_VTG_I2C,0
FLASH,CFG_MSGOUT_NMEA_NAV2_ID_VTG_UART1,0
FLASH,CFG_MSGOUT_NMEA_NAV2_ID_VTG_UART2,0
FLASH,CFG_MSGOUT_NMEA_NAV2_ID_VTG_USB,0
FLASH,CFG_MSGOUT_NMEA_NAV2_ID_VTG_SPI,0
FLASH,CFG_MSGOUT_NMEA_NAV2_ID_GNS_I2C,0
FLASH,CFG_MSGOUT_NMEA_NAV2_ID_GNS_UART1,0
FLASH,CFG_MSGOUT_NMEA_NAV2_ID_GNS_UART2,0
FLASH,CFG_MSGOUT_NMEA_NAV2_ID_GNS_USB,0
FLASH,CFG_MSGOUT_NMEA_NAV2_ID_GNS_SPI,0
FLASH,CFG_MSGOUT_NMEA_NAV2_ID_GGA_I2C,0
FLASH,CFG_MSGOUT_NMEA_NAV2_ID_GGA_UART1,0
FLASH,CFG_MSGOUT_NMEA_NAV2_ID_GGA_UART2,0
FLASH,CFG_MSGOUT_NMEA_NAV2_ID_GGA_USB,0
FLASH,CFG_MSGOUT_NMEA_NAV2_ID_GGA_SPI,0
FLASH,CFG_MSGOUT_NMEA_NAV2_ID_GSA_I2C,0
FLASH,CFG_MSGOUT_NMEA_NAV2_ID_GSA_UART1,0
FLASH,CFG_MSGOUT_NMEA_NAV2_ID_GSA_UART2,0
FLASH,CFG_MSGOUT_NMEA_NAV2_ID_GSA_USB,0
FLASH,CFG_MSGOUT_NMEA_NAV2_ID_GSA_SPI,0
FLASH,CFG_MSGOUT_NMEA_NAV2_ID_GLL_I2C,0
FLASH,CFG_MSGOUT_NMEA_NAV2_ID_GLL_UART1,0
FLASH,CFG_MSGOUT_NMEA_NAV2_ID_GLL_UART2,0
FLASH,CFG_MSGOUT_NMEA_NAV2_ID_GLL_USB,0
FLASH,CFG_MSGOUT_NMEA_NAV2_ID_GLL_SPI,0
FLASH,CFG_MSGOUT_NMEA_NAV2_ID_ZDA_I2C,0
FLASH,CFG_MSGOUT_NMEA_NAV2_ID_ZDA_UART1,0
FLASH,CFG_MSGOUT_NMEA_NAV2_ID_ZDA_UART2,0
FLASH,CFG_MSGOUT_NMEA_NAV2_ID_ZDA_USB,0
FLASH,CFG_MSGOUT_NMEA_NAV2_ID_ZDA_SPI,0
FLASH,CFG_MSGOUT_UBX_SEC_SIGLOG_I2C,0
FLASH,CFG_MSGOUT_UBX_SEC_SIGLOG_UART1,0
FLASH,CFG_MSGOUT_UBX_SEC_SIGLOG_UART2,0
FLASH,CFG_MSGOUT_UBX_SEC_SIGLOG_USB,0
FLASH,CFG_MSGOUT_UBX_SEC_SIGLOG_SPI,0
FLASH,CFG_MSGOUT_UBX_MON_SYS_I2C,0
FLASH,CFG_MSGOUT_UBX_MON_SYS_UART1,0
FLASH,CFG_MSGOUT_UBX_MON_SYS_UART2,0
FLASH,CFG_MSGOUT_UBX_MON_SYS_USB,0
FLASH,CFG_MSGOUT_UBX_MON_SYS_SPI,0
FLASH,CFG_MSGOUT_UBX_RXM_COR_I2C,0
FLASH,CFG_MSGOUT_UBX_RXM_COR_UART1,0
FLASH,CFG_MSGOUT_UBX_RXM_COR_UART2,0
FLASH,CFG_MSGOUT_UBX_RXM_COR_USB,0
FLASH,CFG_MSGOUT_UBX_RXM_COR_SPI,0
FLASH,CFG_INFMSG_UBX_I2C,0
FLASH,CFG_INFMSG_UBX_UART1,0
FLASH,CFG_INFMSG_UBX_UART2,0
FLASH,CFG_INFMSG_UBX_USB,0
FLASH,CFG_INFMSG_UBX_SPI,0
FLASH,CFG_INFMSG_NMEA_I2C,7
FLASH,CFG_INFMSG_NMEA_UART1,7
FLASH,CFG_INFMSG_NMEA_UART2,7
FLASH,CFG_INFMSG_NMEA_USB,7
FLASH,CFG_INFMSG_NMEA_SPI,7
FLASH,CFG_NMEA_PROTVER,42
FLASH,CFG_NMEA_MAXSVS,0
FLASH,CFG_NMEA_SVNUMBERING,0
FLASH,CFG_NMEA_MAINTALKERID,0
FLASH,CFG_NMEA_GSVTALKERID,0
FLASH,CFG_TXREADY_PIN,0
FLASH,CFG_TXREADY_INTERFACE,0
FLASH,CFG_HW_ANT_SUP_SWITCH_PIN,16
FLASH,CFG_HW_ANT_SUP_SHORT_PIN,15
FLASH,CFG_HW_ANT_SUP_OPEN_PIN,14
FLASH,CFG_HW_ANT_SUP_ENGINE,0
FLASH,CFG_HW_ANT_SUP_SHORT_THR,0
FLASH,CFG_HW_ANT_SUP_OPEN_THR,0
FLASH,CFG_SPARTN_USE_SOURCE,0
FLASH,CFG_RINV_DATA_SIZE,22
FLASH,CFG_TP_ANT_CABLEDELAY,50
FLASH,CFG_RTCM_DF003_OUT,0
FLASH,CFG_RTCM_DF003_IN,0
FLASH,CFG_NAVSPG_WKNROLLOVER,2208
FLASH,CFG_NAVSPG_OUTFIL_PDOP,250
FLASH,CFG_NAVSPG_OUTFIL_TDOP,250
FLASH,CFG_NAVSPG_OUTFIL_PACC,100
FLASH,CFG_NAVSPG_OUTFIL_TACC,350
FLASH,CFG_NAVSPG_OUTFIL_FACC,150
FLASH,CFG_RATE_MEAS,100
FLASH,CFG_RATE_NAV,1
FLASH,CFG_MOT_GNSSDIST_THRS,0
FLASH,CFG_QZSS_SLAS_MAX_BASELINE,350
FLASH,CFG_USB_POWER,0
FLASH,CFG_NMEA_BDSTALKERID,0
FLASH,CFG_TXREADY_THRESHOLD,0
FLASH,CFG_HW_ANT_ON_SHORT_US,500
FLASH,CFG_LOGFILTER_MIN_INTERVAL,0
FLASH,CFG_LOGFILTER_TIME_THRS,0
FLASH,CFG_LOGFILTER_SPEED_THRS,0
FLASH,CFG_SEC_CFG_LOCK_UNLOCKGRP1,0
FLASH,CFG_SEC_CFG_LOCK_UNLOCKGRP2,0
FLASH,CFG_TMODE_ECEF_X,0
FLASH,CFG_TMODE_ECEF_Y,0
FLASH,CFG_TMODE_ECEF_Z,0
FLASH,CFG_TMODE_LAT,0
FLASH,CFG_TMODE_LON,0
FLASH,CFG_TMODE_HEIGHT,0
FLASH,CFG_TMODE_FIXED_POS_ACC,0
FLASH,CFG_TMODE_SVIN_MIN_DUR,60
FLASH,CFG_TMODE_SVIN_ACC_LIMIT,5000
FLASH,CFG_TP_PERIOD_TP1,1000000
FLASH,CFG_TP_PERIOD_LOCK_TP1,1000000
FLASH,CFG_TP_LEN_TP1,0
FLASH,CFG_TP_LEN_LOCK_TP1,100000
FLASH,CFG_TP_USER_DELAY_TP1,0
FLASH,CFG_TP_FREQ_TP1,1
FLASH,CFG_TP_FREQ_LOCK_TP1,1
FLASH,CFG_NAVSPG_USRDAT_DX,0.0
FLASH,CFG_NAVSPG_USRDAT_DY,0.0
FLASH,CFG_NAVSPG_USRDAT_DZ,0.0
FLASH,CFG_NAVSPG_USRDAT_ROTX,0.0
FLASH,CFG_NAVSPG_USRDAT_ROTY,0.0
FLASH,CFG_NAVSPG_USRDAT_ROTZ,0.0
FLASH,CFG_NAVSPG_USRDAT_SCALE,0.0
FLASH,CFG_NAVSPG_CONSTR_ALT,0
FLASH,CFG_NAVSPG_CONSTR_ALTVAR,10000
FLASH,CFG_GEOFENCE_FENCE1_LAT,0
FLASH,CFG_GEOFENCE_FENCE1_LON,0
FLASH,CFG_GEOFENCE_FENCE1_RAD,0
FLASH,CFG_GEOFENCE_FENCE2_LAT,0
FLASH,CFG_GEOFENCE_FENCE2_LON,0
FLASH,CFG_GEOFENCE_FENCE2_RAD,0
FLASH,CFG_GEOFENCE_FENCE3_LAT,0
FLASH,CFG_GEOFENCE_FENCE3_LON,0
FLASH,CFG_GEOFENCE_FENCE3_RAD,0
FLASH,CFG_GEOFENCE_FENCE4_LAT,0
FLASH,CFG_GEOFENCE_FENCE4_LON,0
FLASH,CFG_GEOFENCE_FENCE4_RAD,0
FLASH,CFG_UART1_BAUDRATE,115200
FLASH,CFG_UART2_BAUDRATE,115200
FLASH,CFG_LOGFILTER_POSITION_THRS,0
FLASH,CFG_TP_DUTY_TP1,0.0
FLASH,CFG_TP_DUTY_LOCK_TP1,10.0
FLASH,CFG_NAVSPG_USRDAT_MAJA,6378137.0
FLASH,CFG_NAVSPG_USRDAT_FLAT,298.257224
FLASH,CFG_SBAS_PRNSCANMASK,469896
